reward_mode,lam,policy,mean_cum_profit,std_cum_profit,mean_final_wvar,std_final_wvar,mean_pairwise_gap,std_pairwise_gap,mean_cum_reward,std_cum_reward
profit_wvar_mean,10.0,PPO_profit_wvar_mean,1056334.2,20811.093151490146,0.03055191483818039,0.0007759931734649131,0.46980214715003965,0.012790364542645158,1056319.6975421647,20811.014031302602
profit_wvar_mean,10.0,ProfitMax,1173066.0,1956.3062132498583,0.015416931369852994,0.0001743243774887239,0.3182929277420044,0.0027993968453620967,1173058.4345019467,1956.2447894727663
profit_wvar_mean,10.0,DemographicParity,1067788.4,3661.214913112859,0.010570634688029375,0.00012596990479983843,0.29444841146469114,0.009077273794088883,1067782.739710637,3661.279126467678
profit_wvar_mean,100.0,PPO_profit_wvar_mean,1041000.2,26396.614013164643,0.030428373711893865,0.00035226601319450317,0.4622977674007416,0.012255061758580425,1040855.4656171512,26396.37727319815
profit_wvar_mean,100.0,ProfitMax,1173066.0,1956.3062132498583,0.015416931369852994,0.0001743243774887239,0.3182929277420044,0.0027993968453620967,1172990.3450194672,1955.6921087067064
profit_wvar_mean,100.0,DemographicParity,1067788.4,3661.214913112859,0.010570634688029375,0.00012596990479983843,0.29444841146469114,0.009077273794088883,1067731.7971063717,3661.857076886556
profit_wvar_mean,1000.0,PPO_profit_wvar_mean,1051446.8,28737.49118764545,0.03035326014356717,0.0005875097175261504,0.46607881784439087,0.007658558198842557,1049998.6009078731,28733.239513630222
profit_wvar_mean,1000.0,ProfitMax,1173066.0,1956.3062132498583,0.015416931369852994,0.0001743243774887239,0.3182929277420044,0.0027993968453620967,1172309.450194671,1950.1785321244997
profit_wvar_mean,1000.0,DemographicParity,1067788.4,3661.214913112859,0.010570634688029375,0.00012596990479983843,0.29444841146469114,0.009077273794088883,1067222.3710637146,3667.6395681236763
profit_wvar_mean,10000.0,PPO_profit_wvar_mean,1045595.0,32635.212706522994,0.03046976554830298,0.00028664249063596923,0.4646105945110321,0.004069932800758835,1031060.6209648993,32610.051155810914
profit_wvar_mean,10000.0,ProfitMax,1173066.0,1956.3062132498583,0.015416931369852994,0.0001743243774887239,0.3182929277420044,0.0027993968453620967,1165500.5019467107,1896.4081126537178
profit_wvar_mean,10000.0,DemographicParity,1067788.4,3661.214913112859,0.010570634688029375,0.00012596990479983843,0.29444841146469114,0.009077273794088883,1062128.110637146,3725.7580274074676
profit_wvar_mean,100000.0,PPO_profit_wvar_mean,1072069.4,12094.20090125842,0.029738683294640245,0.00028826708577394305,0.4682073652744293,0.002898821771575483,929676.534931534,11721.323488686981
profit_wvar_mean,100000.0,ProfitMax,1173066.0,1956.3062132498583,0.015416931369852994,0.0001743243774887239,0.3182929277420044,0.0027993968453620967,1097411.0194671089,1542.7563359391697
profit_wvar_mean,100000.0,DemographicParity,1067788.4,3661.214913112859,0.010570634688029375,0.00012596990479983843,0.29444841146469114,0.009077273794088883,1011185.5063714616,4331.828625448867
profit_wvar_mean,1000000.0,PPO_profit_wvar_mean,1078888.4,2969.108526140464,0.02923489824657809,0.00043683295910775714,0.4628153622150421,0.004715537901795835,-334740.23933261586,19888.173864589564
profit_wvar_mean,1000000.0,ProfitMax,1173066.0,1956.3062132498583,0.015416931369852994,0.0001743243774887239,0.3182929277420044,0.0027993968453620967,416516.19467108726,8684.661570259012
profit_wvar_mean,1000000.0,DemographicParity,1067788.4,3661.214913112859,0.010570634688029375,0.00012596990479983843,0.29444841146469114,0.009077273794088883,501759.46371461515,11236.243227923987
